round,loss,accuracy,time
0,2041.5919551849365,0.010752688172043012,0
1,2410.779543399811,0.14193548387096774,509.07008212804794
